,Population,Total_Cases,Total_Deaths,Tot Cases_1M_pop,Tot Deaths/1M_pop,Death_percentage,Cases_Per_100K,Deaths_Per_100K,Recovery_Rate,Case_Fatality_Rate,Cluster
count,225.0,225.0,225.0,225.0,225.0,225.0,225.0,225.0,225.0,225.0,225.0
mean,35073207.435555555,2184781.453333333,27448.12888888889,136900.37333333332,1096.7155555555555,1.4441248952577774,13690.03768228678,109.66843615250306,98.55587510474223,1.4441248952589314,0.6
std,139241847.6990648,7275937.878489646,96891.76838772361,145060.34028897373,1195.7155430124624,1.7417281008396182,14506.030543199222,119.57181385271703,1.741728100839618,1.7417281006946208,0.7791937224739788
min,805.0,1.0,0.0,9.0,0.0,0.0,0.853723086379702,0.0,81.84821277,0.0,0.0
25%,566557.0,24071.0,189.0,11384.0,123.0,0.51129101,1138.39041061767,12.334960919069177,98.022982825,0.5112910097997444,0.0
50%,5827911.0,163936.0,1965.0,88987.0,708.0,1.036904886,8898.745685497397,70.77840358516443,98.963095114,1.0369048859052203,0.0
75%,21905848.0,1092547.0,13660.0,223335.0,1795.0,1.977017175,22333.516282473473,179.54833666307294,99.48870899,1.9770171753367107,1.0
max,1439323776.0,81839052.0,1008222.0,696044.0,6286.0,18.15178723,69604.3750508254,628.6404637410662,100.0,18.15178722683381,3.0
